[
  {
    "type":"TITLE",
    "title1":"车主个人认证",
    "styleType": "0"
  },
  {
    "type":"SINGLE_INPUT",
    "inputSingleTitle":"车牌号码"
  },
  {
    "type":"SINGLE_INPUT",
    "inputSingleTitle":"车主姓名"
  },
  {
    "type":"SINGLE_INPUT",
    "inputSingleTitle":"联系电话"
  },
  {
    "type":"MULTI_BUTTON",
    "buttonTitle":"行驶证照片",
    "buttonName":["拍照","上传图片"]
  },
  {
    "type":"SINGLE_INPUT",
    "inputSingleTitle":"身份证号码"
  },
  {
    "type":"SHIFT_INPUT",
    "shiftInputTitle":"身份证照片",
    "necessary":false
  },
  {
    "type":"SINGLE_INPUT",
    "inputSingleTitle":"紧急联系人"
  },
  {
    "type":"SINGLE_INPUT",
    "inputSingleTitle":"关系"
  },
  {
    "type":"SINGLE_INPUT",
    "inputSingleTitle":"身份证号码"
  },
  {
    "type":"SINGLE_INPUT",
    "inputSingleTitle":"联系电话"
  },
  {
    "type":"SINGLE_INPUT",
    "inputSingleTitle":"联系地址"
  },
  {
    "type":"SUBMIT",
    "submitContent":"认证"
  }
]