[
  {
    "type":"TITLE",
    "title1":"个人信息录入",
    "styleType": "0"
  },
  {
    "type":"SINGLE_INPUT",
    "inputSingleTitle":"姓名"
  },
  {
    "type":"MULTI_RADIO_BUTTON",
    "radioButtonName":["男","女"],
    "radioButtonTitle":"性别"
  },
  {
    "type":"INPUT_WITH_UNIT",
    "inputUnitTitle":"年龄",
    "inputUnit":"(岁)"
  },
  {
    "type":"SELECT_DIALOG",
    "selectTitle":"工种",
    "selectOption1Items":["负责人","安全员","施工员","材料员","后勤","技工","普工"]
  },
  {
    "type":"INPUT_WITH_UNIT",
    "inputUnitTitle":"工作经验",
    "inputUnit":"(年)"
  },
  {
    "type":"INPUT_WITH_MULTI_UNIT",
    "inputMultiUnitTitle":"薪资要求",
    "inputMultiUnit":["元/天","元/月","元/年"]
  },
  {
    "type":"INPUT_WITH_TEXTAREA",
    "textAreaTitle":"备注"
  },
  {
    "type":"SUBMIT",
    "submitContent":"确认"
  }
]