[
  {
    "type":"TITLE",
    "title1":"车辆信息录入",
    "styleType": "0"
  },
  {
    "type":"SINGLE_INPUT",
    "inputSingleTitle":"牌照号码"
  },
  {
    "type":"SELECT_DIALOG",
    "selectTitle":"车辆类型",
    "selectOption1Items":["皮卡车","单排座工程车","双排座工程车","多排座工程车","载重自卸车","载重平板车","随车吊"]
  },
  {
    "type":"INPUT_WITH_UNIT",
    "inputUnitTitle":"核载乘客",
    "inputUnit":"(人)"
  },
  {
    "type":"INPUT_WITH_UNIT",
    "inputUnitTitle":"核准载重量",
    "inputUnit":"(吨)"
  },
  {
    "type":"SELECT_DIALOG",
    "selectTitle":"车辆结构",
    "selectOption1Items":["箱式","敞篷"]
  },
  {
    "type":"INPUT_WITH_UNIT",
    "inputUnitTitle":"车厢长度",
    "inputUnit":"(米)"
  },
  {
    "type":"MULTI_RADIO_BUTTON",
    "radioButtonName":["是","否"],
    "radioButtonTitle":"是否配驾驶员"
  },
  {
    "type":"MULTI_RADIO_BUTTON",
    "radioButtonName":["在保","脱保"],
    "radioButtonTitle":"保险状态"
  },
  {
    "type":"SUBMIT",
    "submitContent":"确认"
  }
]