[
  {
    "type":"TITLE",
    "title1":"团队发布信息录入",
    "styleType": "0"
  },
  {
    "type":"SINGLE_DISPLAY_RIGHT",
    "singleDisplayRightTitle":"发布类别",
    "singleDisplayRightContent":"团队服务"
  },
  {
    "type": "SINGLE_DISPLAY_RIGHT",
    "singleDisplayRightTitle": "负责人",
    "singleDisplayRightContent": "xxx"
  },
  {
    "type":"SHIFT_INPUT",
    "shiftInputTitle":"现场负责人",
    "necessary":true
  },
  {
    "type":"SHIFT_INPUT",
    "shiftInputTitle":"现场安全员",
    "necessary":true
  },
  {
    "type":"SHIFT_INPUT",
    "shiftInputTitle":"施工员",
    "necessary":true
  },
  {
    "type":"SHIFT_INPUT",
    "shiftInputTitle":"材料员",
    "necessary":true
  },
  {
    "type":"SHIFT_INPUT",
    "shiftInputTitle":"后勤",
    "necessary":true
  },
  {
    "type":"SHIFT_INPUT",
    "shiftInputTitle":"车辆",
    "necessary":true,
    "key": "provideTransportMachines"
  },
  {
    "type":"SHIFT_INPUT",
    "shiftInputTitle":"技工",
    "necessary":false
  },
  {
    "type":"SHIFT_INPUT",
    "shiftInputTitle":"普工",
    "necessary":false
  },
  {
    "type":"MULTI_CHECKBOX",
    "checkboxTitle":"可操作电压等级",
    "checkboxNameList":["0.4kV","10kV","35kV","110kV","220kV","500kV"],
    "key": "voltages"
  },
  {
    "type":"MULTI_CHECKBOX",
    "checkboxTitle":"可实施范围",
    "checkboxNameList":["土建","安装","调试"],
    "key": "implementationRanges"
  },
  {
    "type":"MULTI_BUTTON",
    "buttonTitle":"机械设备清册",
    "buttonName":["上传清册"],
    "key": "constructionToolLists"
  },
  {
    "type":"INPUT_WITH_UNIT",
    "inputUnitTitle":"有效期",
    "inputUnit":"(天)",
    "key": "validTime"
  },
  {
    "type": "HINT",
    "hintContent": "注：字符前有*为必填。",
    "customFontColor":"#FFFF0000",
    "startPosition":6,
    "endPosition":7
  },
  {
    "type": "SUBMIT",
    "submitContent": "确认并提交"
  }
]