[
  {
    "type": "TITLE",
    "title1": "团队发布信息录入",
    "styleType": "0"
  },
  {
    "type": "SINGLE_DISPLAY_RIGHT",
    "singleDisplayRightTitle": "发布类别",
    "singleDisplayRightContent": "非开挖顶拉管作业"
  },
  {
    "type": "SINGLE_DISPLAY_RIGHT",
    "singleDisplayRightTitle": "负责人",
    "singleDisplayRightContent": "xxx"
  },
  {
    "type":"SHIFT_INPUT",
    "shiftInputTitle":"现场负责人",
    "necessary":true
  },
  {
    "type":"SHIFT_INPUT",
    "shiftInputTitle":"现场安全员",
    "necessary":true
  },
  {
    "type":"SHIFT_INPUT",
    "shiftInputTitle":"操作员",
    "necessary":true
  },
  {
    "type":"SHIFT_INPUT",
    "shiftInputTitle":"导向员",
    "necessary":true
  },
  {
    "type":"SHIFT_INPUT",
    "shiftInputTitle":"车辆",
    "necessary":true,
    "key": "provideTransportMachines"
  },
  {
    "type":"SHIFT_INPUT",
    "shiftInputTitle":"技工",
    "necessary":false
  },
  {
    "type":"SHIFT_INPUT",
    "shiftInputTitle":"普工",
    "necessary":false
  },
  {
    "type":"MULTI_BUTTON",
    "buttonTitle":"机械设备",
    "buttonName":["上传清册"],
    "key": "constructionToolLists"
  },
  {
    "type":"INPUT_WITH_UNIT",
    "inputUnitTitle":"有效期",
    "inputUnit":"(天)",
    "key": "periodValidity"
  },
  {
    "type":"HINT",
    "hintContent":"注：字符前有 * 为必填。",
    "customFontColor": "#FF0000",
    "startPosition": "6",
    "endPosition": "8"
  },
  {
    "type":"SUBMIT",
    "submitContent":"确认发布"
  }
]