[
  {
    "type":"TITLE",
    "title1":"团队发布信息录入",
    "styleType": "0"
  },
  {
    "type": "SINGLE_DISPLAY_RIGHT",
    "singleDisplayRightTitle": "发布类别",
    "singleDisplayRightContent": "跨越架施工队"
  },
  {
    "type": "SINGLE_DISPLAY_RIGHT",
    "singleDisplayRightTitle": "负责人",
    "singleDisplayRightContent": "xxx"
  },
  {
    "type":"SHIFT_INPUT",
    "shiftInputTitle":"现场负责人",
    "necessary":true
  },
  {
    "type":"SHIFT_INPUT",
    "shiftInputTitle":"现场安全员",
    "necessary":true
  },
  {
    "type":"SHIFT_INPUT",
    "shiftInputTitle":"施工员",
    "necessary":true
  },
  {
    "type":"SHIFT_INPUT",
    "shiftInputTitle":"材料员",
    "necessary":true
  },
  {
    "type":"SHIFT_INPUT",
    "shiftInputTitle":"车辆",
    "necessary":true,
    "key": "provideTransportMachines"
  },
  {
    "type":"SHIFT_INPUT",
    "shiftInputTitle":"技工",
    "necessary":false
  },
  {
    "type":"SHIFT_INPUT",
    "shiftInputTitle":"普工",
    "necessary":false
  },
  {
    "type":"MULTI_BUTTON",
    "buttonTitle":"机械设备",
    "buttonName":["上传清册"],
    "key": "constructionToolLists"
  },
  {
    "type":"INPUT_WITH_UNIT",
    "inputUnitTitle":"有效期",
    "inputUnit":"(天)",
    "key":"validTime"
  },
  {
    "type":"SUBMIT",
    "submitContent":"确认并提交"
  }
]