[
  {
    "type":"TITLE",
    "title1":"个人信息录入",
    "styleType": "0"
  },
  {
    "type":"SINGLE_DISPLAY_RIGHT",
    "singleDisplayRightTitle":"发布类别",
    "singleDisplayRightContent":"普工",
    "key": "issuerWorkType"
  },
  {
    "type":"SELECT_DIALOG",
    "selectTitle":"专业工种",
    "selectOption1Items":["普工"],
    "key": "issuerWorkerKind"
  },
  {
    "type":"SINGLE_INPUT",
    "inputSingleTitle":"姓名"
  },
  {
    "type":"MULTI_RADIO_BUTTON",
    "radioButtonTitle":"性别",
    "radioButtonName":["男","女"]
  },
  {
    "type":"INPUT_WITH_UNIT",
    "inputUnitTitle":"年龄",
    "inputUnit":"(岁)"
  },
  {
    "type":"INPUT_WITH_UNIT",
    "inputUnitTitle":"工作经验",
    "inputUnit":"(年)",
    "key": "workExperience"
  },
  {
    "type":"INPUT_WITH_MULTI_UNIT",
    "inputMultiUnitTitle":"薪资要求",
    "inputMultiUnit":["元/天","元/月","元/年"],
    "key": "workMoney"
  },
  {
    "type":"SINGLE_INPUT",
    "inputSingleTitle":"联系电话"
  },
  {
    "type":"SHIFT_INPUT",
    "shiftInputTitle":"专业证书附件上传",
    "necessary":false
  },
  {
    "type":"INPUT_WITH_UNIT",
    "inputUnitTitle":"有效期",
    "inputUnit":"(天)",
    "key": "validTime"
  },
  {
    "type":"INPUT_WITH_TEXTAREA",
    "textAreaTitle":"备注",
    "key": "remark"
  },
  {
    "type":"SUBMIT",
    "submitContent":"确认并提交"
  }
]