[
  {
    "type":"TITLE",
    "title1":"个人信息录入",
    "styleType": "0"
  },
  {
    "type":"SINGLE_INPUT",
    "inputSingleTitle":"姓名",
    "key": "name"
  },
  {
    "type":"MULTI_RADIO_BUTTON",
    "radioButtonTitle":"性别",
    "radioButtonName":["男","女"],
    "key": "sex"
  },
  {
    "type":"INPUT_WITH_UNIT",
    "inputUnitTitle":"年龄",
    "inputUnit":"(岁)",
    "key": "age"
  },
  {
    "type": "SINGLE_DISPLAY_RIGHT",
    "singleDisplayRightTitle": "工种",
    "singleDisplayRightContent":"x",
    "key": "wokerType"
  },
  {
    "type":"INPUT_WITH_UNIT",
    "inputUnitTitle":"工作经验",
    "inputUnit":"(年)",
    "key": "workExperience"
  },
  {
    "type":"INPUT_WITH_MULTI_UNIT",
    "inputMultiUnitTitle":"薪资要求",
    "inputMultiUnit":["元/天","元/月","元/年"],
    "key": "money"
  },
  {
    "type":"SINGLE_INPUT",
    "inputSingleTitle":"联系电话"
  },
  {
    "type":"SHIFT_INPUT",
    "shiftInputTitle":"专业证书附件上传",
    "necessary":false
  },
  {
    "type":"INPUT_WITH_TEXTAREA",
    "textAreaTitle":"备注"
  },
  {
    "type":"SUBMIT",
    "submitContent":"确认并提交"
  }
]